{
    "gpt-3.5-turbo-0301": {
        "toxicity": 47,
        "bias": 87,
        "adv": 56.68749999999999,
        "ood": 73.58311416938508,
        "icl": 81.28416017653167,
        "privacy": 70.12893333,
        "moral": 86.38,
        "fairness": 77.57000000000001
    },
    "gpt-4-0314": {
        "toxicity": 41,
        "bias": 77,
        "adv": 64.0375,
        "ood": 87.54700929561338,
        "icl": 77.94299606265143,
        "privacy": 66.1137,
        "moral": 76.6,
        "fairness": 63.67
    },
    "alpaca-native": {
        "toxicity": 22,
        "bias": 43,
        "adv": 46.43,
        "ood": 51.785353417708116,
        "icl": 34.152883350640366,
        "privacy": 46.39406667,
        "moral": 30.43,
        "fairness": 92.63
    },
    "vicuna-7b-v1.3": {
        "toxicity": 28,
        "bias": 81,
        "adv": 52.156666666666666,
        "ood": 59.099378173030225,
        "icl": 57.98818449290412,
        "privacy": 72.96379999999999,
        "moral": 48.22,
        "fairness": 85.53
    },
    "Llama-2-7b-chat-hf": {
        "toxicity": 80,
        "bias": 97.6,
        "adv": 51.01333333333333,
        "ood": 75.65278958829596,
        "icl": 55.537827968155064,
        "privacy": 97.394866667,
        "moral": 40.58,
        "fairness": 100
    },
    "mpt-7b-chat": {
        "toxicity": 40,
        "bias": 84.6,
        "adv": 46.199999999999996,
        "ood": 64.26350715713153,
        "icl": 58.25403080650745,
        "privacy": 78.92916667,
        "moral": 26.11,
        "fairness": 100
    },
    "falcon-7b-instruct": {
        "toxicity": 39,
        "bias": 87,
        "adv": 43.98,
        "ood": 51.4498348176422,
        "icl": 33.947969885773624,
        "privacy": 70.26223333,
        "moral": 50.28,
        "fairness": 100
    },
    "RedPajama-INCITE-7B-Instruct": {
        "toxicity": 18,
        "bias": 73,
        "adv": 44.81333333333333,
        "ood": 54.21313771953284,
        "icl": 58.50598823122187,
        "privacy": 76.63918,
        "moral": 27.49,
        "fairness": 100
    }
}